title,speakers,,description,slides,video
Cuando diseño y desarrollo hablan el mismo idioma. IA para escalar un Design System multimarca,Antonieta Carrasco,Charla,"Esta no es una charla sobre Kiro.

Tampoco es una charla sobre Figma.

Es la historia de cómo descubrimos que el verdadero valor de un Design System no estaba en sus componentes, sino en convertirse en un lenguaje compartido entre diseño y desarrollo.",cuando-diseo-y-desarrollo-hablan-el-mismo-idioma-ia-para-escalar-un-design-system-multimarca,
DETECTA: ¿Me hackearon o me están manipulando? Aprende a investigar riesgos digitales en la era de la IA,Amizaday Hernández,Charla,"La inteligencia artificial está transformando la forma en que nos comunicamos, trabajamos y aprendemos, pero también está facilitando nuevas formas de fraude, manipulación y violencia digital. Hoy, un mensaje, un correo electrónico, una llamada o incluso una imagen generada con IA pueden parecer completamente legítimos.

En este taller práctico aprenderás el método DETECTA, una metodología diseñada para analizar situaciones sospechosas, identificar señales de riesgo y tomar decisiones informadas cuando algo no parece estar bien en tus cuentas, dispositivos o redes sociales.

A través de casos reales inspirados en situaciones cotidianas, exploraremos cómo diferenciar un posible hackeo de una manipulación digital, cómo reconocer ataques potenciados por inteligencia artificial y qué evidencias revisar antes de actuar. Además, realizaremos una revisión práctica de herramientas y configuraciones de seguridad disponibles en computadoras y dispositivos móviles para identificar accesos no autorizados, sesiones activas, permisos de aplicaciones y otros indicadores de riesgo.

Al finalizar, las participantes contarán con un proceso claro para investigar incidentes digitales, fortalecer su seguridad personal y acompañar a otras personas en la protección de su identidad digital.

Porque en la era de la IA, la mejor defensa no es el miedo: es aprender a detectar, analizar y actuar.",detecta-me-hackearon-o-me-estan-manipulando-aprende-a-investigar-riesgos-digitales-en-la-era-de-la-ia,
Cómo los Modelos de Crédito Heredan Sesgos Históricos de Género: Begini como Caso de Estudio en Inclusión Financiera,Francys Lanza,Charla,"En gran parte de América Latina, los modelos de riesgo de crédito siguen dependiendo de datos del buró: historial de pago, límites, moras y consultas. Eso significa que los sesgos históricos en la forma en que se ha otorgado crédito, por ejemplo, en menores montos aprobados o en menos productos ofrecidos a mujeres, quedan codificados en los datos que entrenan los modelos actuales. Evaluar el sesgo en estos modelos exige mirar más allá de la métrica de precisión y preguntarnos: ¿qué pasa con las personas, en especial con las mujeres, que quedan sistemáticamente subvaloradas por ese sistema? Estas preguntas abren la puerta a explorar tanto las limitaciones del enfoque tradicional como los riesgos de trasladar los mismos patrones a nuevas fuentes de datos y a sistemas de IA más complejos.

En ese contexto, Begini propone una alternativa: construir un score basado en datos psicométricos y de comportamiento, generando datos de carácter de primera mano a través de pruebas breves que miden rasgos como locus de control, impulsividad, confianza o gratificación diferida. Este enfoque permite evaluar cómo decide y se organiza una persona hoy, sin depender únicamente de cuánto crédito formal tuvo en el pasado, algo crucial para mujeres y otros grupos con historiales “delgados” por falta de oportunidades más que por falta de capacidad de pago. Además, las métricas psicométricas se generan bajo condiciones controladas y pueden auditarse y recalibrarse para evitar que penalicen de forma injustificada a un género o grupo específico, reduciendo la herencia de sesgos históricos. Al complementar el buró con este perfil de carácter, las entidades financieras pueden distinguir entre quienes tienen poco historial por exclusión previa y quienes muestran patrones de riesgo genuinamente problemáticos, abriendo espacio a decisiones de crédito más explicables, personalizadas y alineadas con una inclusión financiera más justa.",como-los-modelos-de-credito-heredan-sesgos-historicos-de-genero-begini-como-caso-de-estudio-en-inclusion-financiera,
MLOps vs DevOps - El siguiente paso en la evolución tech,Daniela Cortes,Charla,DevOps no fue diseñado para modelos ni datos. MLOps extiende estas prácticas para sistemas basados en AI. El objetivo de esta charla es entender la transición hacia arquitecturas basadas en datos e inteligencia artificial. Además de conocer el ciclo de vida de MLOps y diferencias con DevOps tradicional.,mlops-vs-devops-el-siguiente-paso-en-la-evolucion-tech,
Datos contra el olvido: cómo construí un mapa de organizaciones que documentan feminicidios en México con herramientas gratuitas,Nydia Mejía Zavala,Charla,"Título sugerido:

""Datos contra el olvido: cómo construí un mapa de organizaciones que documentan feminicidios en México con herramientas gratuitas""


Abstract (287 palabras):

En México, decenas de organizaciones civiles documentan feminicidios de forma independiente. Su trabajo es fundamental — y casi invisible. No existe una herramienta que reúna, en un solo lugar, quiénes son, dónde están, cómo trabajan y qué producen.

Este proyecto nació para resolver eso.

Como parte de un curso sobre datos contra feminicidios, construí un mapa interactivo que visualiza estas organizaciones a lo largo del territorio nacional. Pero el proceso me enseñó algo que no esperaba: mi noción inicial de ""documentación"" era demasiado estrecha. Empecé pensando solo en bases de datos y registros estadísticos. Al investigar, descubrí que documentar también es arte: minidocumentales, performances, murales, proyectos de memoria colectiva. Ampliar esa definición fue una decisión técnica, pero sobre todo fue una decisión feminista.

El stack es deliberadamente accesible: Python, Pandas y Folium para construir el mapa; Google Colab como entorno de desarrollo; GitHub Pages para publicarlo de forma gratuita. Sin servidores, sin presupuesto, sin equipo. Solo una persona, herramientas open source y un problema que valía la pena resolver.

En esta charla comparto el proceso completo: desde la limpieza de datos y la construcción del mapa interactivo, hasta las decisiones metodológicas sobre qué incluir y por qué. También hablo de las limitaciones honestas del proyecto — el mapa está en construcción permanente — y de cómo la comunidad puede contribuir a completarlo.

El mensaje central es simple: no necesitas infraestructura costosa ni un equipo grande para construir algo significativo. Necesitas identificar un problema real, las herramientas correctas y la claridad de que los datos nunca son neutrales.",datos-contra-el-olvido-como-construi-un-mapa-de-organizaciones-que-documentan-feminicidios-en-mexico-con-herramientas-gratuitas,
Ubicando la IA en el mundo real: contextualizando llms con inteligencia geoespacial,Martha Villanueva,Charla,"En la era de la inteligencia artificial generativa, los modelos de lenguaje (LLMs) han demostrado una capacidad asombrosa para razonar y crear. Sin embargo, cuando se trata de interactuar con el mundo físico, a menudo se enfrentan a un desafío crítico: la falta de contexto en tiempo real y las ""alucinaciones"" geográficas. ¿Cómo podemos asegurar que las respuestas de una IA estén verdaderamente conectadas con la realidad de nuestro entorno? La respuesta está en la Inteligencia Geoespacial.

En esta charla de 15 minutos, exploraremos el concepto de Grounding (anclaje de datos) utilizando la infraestructura de Google Maps. Analizaremos cómo conectar el poder cognitivo de la IA con la base de datos geográfica más grande y actualizada del planeta. Explicaremos cómo este enfoque permite a los desarrolladores ""anclar"" las respuestas de sus modelos a datos del mundo real —desde la ubicación exacta y horarios de un negocio hasta condiciones dinámicas del entorno—, transformando consultas abstractas en soluciones precisas, confiables y con contexto local.

Diseñada para desarrolladoras y entusiastas de la tecnología, esta sesión flash desmitificará la integración de APIs geoespaciales con modelos de IA. Las asistentes se llevarán una visión clara de cómo el Grounding mitiga los errores de los LLMs, abre nuevas posibilidades para el desarrollo de aplicaciones inteligentes y redefine la forma en que el software interactúa con nuestro espacio físico.",ubicando-la-ia-en-el-mundo-real-contextualizando-llms-con-inteligencia-geoespacial,
De la información al conocimiento: minería de datos como herramienta para transformar realidades,Doricela Gutierrez Cruz,Charla,"La minería de datos se ha consolidado como una herramienta estratégica para transformar volúmenes de información en conocimiento para la toma de decisiones. Esta propuesta presenta una reflexión sobre su potencial para atender problemáticas complejas en ámbitos como la educación, la salud y el bienestar, a partir de una trayectoria centrada en la ciencia de datos, la inteligencia artificial y los sistemas inteligentes.

El trabajo recupera experiencias desarrolladas en proyectos de investigación transdisciplinarios, en el proyecto “Sistemas transdisciplinarios basados en minería de datos para la promoción de la salud y el bienestar”. Desde el modelo KDD, se aborda el proceso mediante el cual los datos son seleccionados, depurados, transformados, analizados e interpretados para identificar patrones, factores asociados y oportunidades de intervención. Más allá de la precisión de los algoritmos, se resalta la importancia de traducir los hallazgos en acciones comprensibles, pertinentes y responsables.

La exposición mostrará cómo técnicas de clasificación, agrupamiento y reglas de asociación pueden apoyar la identificación temprana de riesgos académicos, el análisis de condiciones relacionadas con la salud y la generación de evidencia para orientar estrategias de prevención y acompañamiento. Asimismo, se enfatizará que los datos representan trayectorias, necesidades y contextos de personas; por ello, su uso debe incorporar criterios de calidad, ética, privacidad, transparencia e interpretación interdisciplinaria.

Como mujer en STEM, esta experiencia evidencia que la participación femenina en ingeniería y tecnología fortalece la construcción de soluciones más incluyentes y vinculadas con los retos sociales. La minería de datos no debe entenderse únicamente como un recurso técnico, sino como una herramienta para impulsar investigación aplicada, formar nuevas generaciones y promover decisiones que contribuyan a mejorar la vida de las comunidades.

La propuesta invita a reconocer que transformar realidades requiere pasar de la información aislada al conocimiento accionable, combinando innovación tecnológica, pensamiento crítico, colaboración y compromiso social.",de-la-informacion-al-conocimiento-mineria-de-datos-como-herramienta-para-transformar-realidades,
⁠⁠Liderando con Neurodivergencia: Herramientas reales para mujeres en tecnologia,Ana Guadalupe Cifuentes Sanchez,Charla,"Navegar por el demandante mundo de la tecnología y el liderazgo de comunidades es un reto enorme. Pero, ¿qué pasa cuando a las responsabilidades diarias de ser una mujer ""godín"" en el sector tech le sumamos el TDAH, el Trastorno de Ansiedad Generalizada y la depresión? En esta charla, nos quitaremos los filtros para hablar de la realidad de la neurodivergencia y la salud mental en nuestros espacios de trabajo.

A través de mi experiencia personal liderando equipos de trabajo y organizando iniciativas comunitarias, compartiré cómo se manifiestan realmente estos síntomas en el día a día corporativo, con el objetivo de ayudarte a identificarlos en ti misma o en tus colegas. 

Más allá de la teoría, exploraremos herramientas prácticas y insights reales que me han permitido no solo sobrellevar estos retos, sino seguir impulsando proyectos, organizando eventos y gestionando personas con empatía. 

Si alguna vez te has sentido abrumada intentando equilibrar tu mente, tu carrera y tus comunidades, este espacio es para ti.",liderando-con-neurodivergencia-herramientas-reales-para-mujeres-en-tecnologia,
AI-Ready Data (Por qué no hay IA sin una estrategia de datos),Valery Calderón Briz,Charla,"Implementar IA sin una estrategia de datos es una receta para el fracaso. El famoso 'Garbage In, Garbage Out' sigue siendo el mayor obstáculo para la innovación. En esta sesión, hablaremos sobre las estrategias para construir un ecosistema de datos 'AI-Ready'. 
En está charla veremos estrategias prácticas de gobernanza de datos para garantizar la disponibilidad, seguridad, consistencia y fiabilidad de la información, asegurando que tus modelos de IA operen sobre una base sólida y escalable, alineada con las exigencias del mercado actual.",aiready-data-por-que-no-hay-ia-sin-una-estrategia-de-datos,
"Cuando la IA se equivoca: errores, alucinaciones y cómo construir sistemas confiables",Irais Serrano,Charla,"La inteligencia artificial generativa está transformando la forma en que desarrollamos software, analizamos información y automatizamos procesos. Sin embargo, uno de los mayores retos al adoptar estas tecnologías es entender que una respuesta generada por IA puede parecer correcta y aun así estar equivocada.

En esta charla exploraremos los principales desafíos al implementar soluciones con IA generativa: alucinaciones, respuestas fuera de contexto, información incorrecta y riesgos al utilizar resultados generados automáticamente en ambientes empresariales.

Desde la experiencia trabajando con datos, sistemas empresariales e integración de soluciones basadas en IA, compartiré una perspectiva práctica sobre cómo construir soluciones más confiables mediante mejores datos, validación, evaluación de resultados y supervisión humana.

La charla busca mostrar que el valor de la inteligencia artificial no está solamente en la capacidad del modelo, sino en la forma en que las ingenieras diseñamos sistemas alrededor de ella. Mantener el criterio técnico, la responsabilidad y la confianza será clave para crear tecnología que realmente genere impacto.",,
"No tienes que aprender IA sola: comunidad, datos y futuro para mujeres en STEM",Mirna vazquez,Comunidad o Iniciativa,"La inteligencia artificial está transformando la forma en que hacemos ciencia, analizamos datos y construimos tecnología. Sin embargo, muchas mujeres en STEM aún enfrentan una barrera inicial: saber por dónde empezar, cómo practicar y con quién aprender.

R-Ladies Xalapa es una comunidad que crea espacios de aprendizaje colaborativo alrededor del lenguaje de programación R. A través de talleres, mentoría y actividades abiertas, acompañamos a mujeres y personas subrepresentadas que quieren fortalecer sus habilidades en análisis de datos, visualización, estadística, ciencia reproducible e inteligencia artificial aplicada.

En esta presentación de 3 minutos compartiremos quiénes somos, qué hacemos y cómo unirse. Nuestro mensaje central es simple: aprender R, datos e IA no tiene que ser un proceso solitario. Puede construirse en comunidad, con confianza técnica, acceso abierto al conocimiento y redes donde más mujeres puedan reconocerse como creadoras de tecnología.

No tienes que aprender IA sola.",no-tienes-que-aprender-ia-sola-comunidad-datos-y-futuro-para-mujeres-en-stem,
Comunidad Más Voces en Diseño México,Berenice Lemus,Comunidad o Iniciativa,"Iniciamos en 2018 como Más Mujeres en UX y en 2026 nos transformamos a Más Voces en Diseño. Hoy celebramos esta nueva etapa con el corazón lleno, con mucha ilusión y con la certeza de que lo construido sigue vivo, pero ahora crece con más fuerza.
Somos una red que existe para que ninguna mujer en tecnología en Latinoamérica tenga que diseñar su camino en soledad. Nos mueve la convicción de que el diseño es una herramienta de transformación social y que, cuando una de nosotras crece, el estándar de toda la región se eleva.",comunidad-mas-voces-en-diseo-mexico,
La mejor decisión de mi carrera fue aprender a aprender: Cómo Internet cambió mi vida y  por qué hoy cualquiera puede construir el futuro que imagina.,Jaqueline Razo,Lightning talk,"A los 19 años dejé la universidad porque mi familia ya no podía seguir pagando mis estudios. En ese momento pensé que estaba perdiendo mi oportunidad de construir una carrera. En realidad, estaba descubriendo una nueva forma de aprender. La necesidad de apoyar a mi familia me hizo tomar un path inusual. 

Aprendí programación desde cero en YouTube, trabajé como freelancer para clientes en USA, obtuve certificaciones de Microsoft en Azure y Ciencia de Datos, regresé a la universidad costeando mis propios estudios y hoy lidero proyectos de transformación digital e Inteligencia Artificial en una empresa global.

En esta charla compartiré por qué el aprendizaje continuo ha sido mucho más importante que cualquier título, cómo exponernos a nuevas oportunidades puede transformar nuestra trayectoria profesional y por qué la IA representa una nueva democratización del conocimiento para quienes estén dispuestas a aprender.

Mi objetivo es que cada asistente salga convencida de que su punto de partida no determina su futuro. La tecnología evoluciona constantemente, pero la capacidad de aprender y atreverse a dar el siguiente paso sigue siendo la habilidad más poderosa de todas.",la-mejor-decision-de-mi-carrera-fue-aprender-a-aprender-como-internet-cambio-mi-vida-y-por-que-hoy-cualquiera-puede-construir-el-futuro-que-imagina,
Quemar las naves,Sol Estrada,Lightning talk,"Hay momentos en los que la vida te invita -o te exige- volver a empezar: cambiar de carrera, de trabajo, de lugar, de personas.
Hoy quiero compartirles lo que ha significado para mí “quemar las naves” y tener el valor de comenzar otra vez.",quemar-las-naves,
IA generativa: impacto colaborativo y enfoque ético multidisciplinario,Marisela Cadena,Lightning talk,"En esta breve charla, voy a hablar de los beneficios de la IA generativa y un posible enfoque acerca de la implementación de estas nuevas herramientas. Cuando hablamos de ética e IA generativa en herramientas colaborativas, solemos culpar al ""algoritmo"" o a los ""sesgos de los datos"", como si la tecnología tuviera vida propia. Como desarrolladora, sé que la realidad es otra: la IA solo ejecuta lo que nosotros permitimos. Los problemas éticos y de desinformación no son accidentes; nacen de decisiones conscientes en el diseño y desarrollo de software, un ecosistema históricamente dominado por hombres cis con una perspectiva homogénea. En esta charla de 5 minutos, quiero bajar a la tierra el debate ético desde la realidad del código. Analizaremos por qué la IA no es la culpable de sus impactos negativos y por qué urge un enfoque multidisciplinario real, donde la presencia de mujeres técnicos sea el contrapeso necesario para cuestionar lo que hoy se da por sentado.",ia-generativa-impacto-colaborativo-y-enfoque-etico-multidisciplinario,
"La IA no vino a reemplazarme, vino a quitarme el trabajo aburrido",Gabriela Tejadilla,Lightning talk,"Durante mucho tiempo pensé que la inteligencia artificial me ayudaría a hacer mi trabajo más rápido. Y sí, lo hace. Pero después de usarla todos los días como Portfolio Manager y Scrum Master, descubrí que ese no era el mayor beneficio.
Lo más valioso ha sido otra cosa: me ayuda a ordenar el caos.
Porque muchas veces el reto no es hacer una presentación, escribir una historia de usuario o documentar un proceso. El reto es que te llega una solicitud enorme, con información incompleta, opiniones distintas, urgencia y expectativas de muchas personas, y no sabes por dónde empezar.
La IA me ha quitado buena parte del trabajo operativo, repetitivo y mentalmente agotador que consumía mi energía: tiempo que antes invertía organizando información, estructurando entregables o dándole forma a ideas dispersas. Y al hacerlo, me permitió volver a enfocarme en lo que realmente genera valor: entender problemas, tomar decisiones, conectar ideas, pensar en estrategia y acompañar a las personas.
En esta charla compartiré cómo incorporé IA a mi día a día en el sector financiero donde se requiere de controles y ser muy preciso en los reportes, para transformar ideas dispersas en planes, documentos y acciones concretas. Hablaré de casos reales donde pasé de invertir días o semanas en ciertos entregables a resolverlos en horas, pero también de los errores, las limitaciones y los retos que encontré en el camino.
Mi conclusión es simple: la IA no vino a reemplazarnos. Vino a quitarnos parte del trabajo más repetitivo y pesado para devolvernos algo más valioso: tiempo. Tiempo para pensar, aprender y crear, pero también para vivir —tener hobbies, hacer ejercicio, descansar, cuidarnos—. Confio en que, bien usada, la IA puede regresarnos nuestra humanidad.",la-ia-no-vino-a-reemplazarme-vino-a-quitarme-el-trabajo-aburrido,
No esperé a sentirme lista… aunque la verdad es que casi lo hago.,Paola Karina Flores Martínez,Lightning talk,"En esta charla comparto cómo una pregunta tan simple como ”¿Y si sí aplicamos?” terminó cambiando mi forma de vivir la universidad.

Todo comenzó cuando una amiga y yo decidimos postularnos a un curso de Electrónica Analógica sin sentirnos completamente preparadas. Lo que parecía una oportunidad más se convirtió en el inicio de un camino lleno de cursos, programas de mentoría, voluntariados, proyectos como ATMANIE y comunidades que transformaron no solo mi formación profesional, sino también la manera en la que veía mi lugar dentro de STEM.

A través de una historia cercana y personal, reflexiono sobre el miedo a no sentirse suficiente, el valor de las personas que nos impulsan a crecer y cómo muchas veces las mejores oportunidades llegan antes de que nos sintamos listas para tomarlas.

Más que una charla sobre convocatorias, es una invitación a dejar de esperar el momento perfecto para empezar. Porque, a veces, todo cambia cuando dejamos de preguntarnos si somos suficientes y simplemente nos atrevemos a decir: ”¿Y si sí aplicamos?”",no-espere-a-sentirme-lista-aunque-la-verdad-es-que-casi-lo-hago,
She Leads: Shaping STEM's Future with AI,"Gabriela Guevara, Elsa Ramírez y Cintia Vargas",Panel,"Se habla mucho de que la IA «reemplaza» empleos. ¿Qué tan cierto es visto desde adentro, por quienes contratan y lideran equipos hoy?

En este panel, tres mujeres con trayectoria directiva en tecnología comparten lo que están viendo en la práctica: cómo se están transformando los roles y los equipos, qué habilidades se vuelven imprescindibles y cuáles pierden relevancia, y cómo distinguir entre adoptar IA por moda o porque realmente aporta valor. Cerrarán con el ángulo que más importa para esta comunidad: qué responsabilidad tienen al liderar esa adopción, si la brecha de género se ampliará o puede cerrarse, y consejos concretos para quienes empiezan hoy.",,
Strategy. The hidden knowledge for women in tech.,Sandra Márquez,Taller de habilidades blandas,"Women in tech don’t only need talent: they need strategy. This talk translates the values from the greatest strategists in world history, their mindset, and how a few exceptional women learned to win not only a battle, but the war itself.  Led by the examples of women of their time, at a deep disadvantageous scenarios, who made it through a man’s world and navigated complex stages of power. Their examples are now more necessary than ever in real tech-industry situations: building influence, choosing battles, negotiating visibility, reading power systems, and leading without losing identity. A practical session on technical leadership, career strategy, and decision-making that will impact your vision for life.",,
Guardrails de Bedrock: Construye IA responsable que proteja a tus usuarias,Fernanda Osorio,Taller técnico,"Las herramientas de IA generativa están transformando cómo construimos software, pero ¿quién decide qué es ""seguro""? En este taller, las participantes configurarán Amazon Bedrock Guardrails desde cero para prevenir sesgos de género, proteger datos sensibles (PII) y controlar respuestas dañinas. Veremos en tiempo real cómo un modelo sin protecciones puede generar respuestas problemáticas — y cómo nosotras, como desarrolladoras, tenemos el poder de definir los límites éticos de la IA que construimos.",guardrails-de-bedrock-construye-ia-responsable-que-proteja-a-tus-usuarias,
Kit de supervivencia: Soft Skills que marcan la diferencia,Elena Pérez,Taller técnico patrocinado,"Las habilidades técnicas abren puertas, pero las habilidades blandas
determinan el crecimiento.

A través de un formato interactivo y colaborativo, este workshop brinda un ""Kit
Inicial"" de habilidades blandas que fueron seleccionadas estratégicamente a partir de las áreas
de oportunidad más comunes observadas en el entorno laboral para recién
egresados.

Al finalizar, los participantes contarán con una base que les permitirá
desenvolverse con mayor seguridad y avanzar en su carrera profesional.",kit-de-supervivencia-soft-skills-que-marcan-la-diferencia,
Tu mayor ventaja no es técnica. Y la IA te va a ayudar a encontrarla.,Marian Suárez,Taller técnico patrocinado,"La inteligencia artificial está transformando la forma en que trabajamos, pero las habilidades que más impulsan una carrera profesional siguen siendo profundamente humanas. En este workshop descubrirás cómo fortalecer competencias como la comunicación, el feedback y la presencia ejecutiva, habilidades que rara vez se enseñan y que hoy son más valiosas que nunca. A través de ejercicios prácticos apoyados por IA, aprenderás a convertir esta tecnología en una aliada para practicar conversaciones desafiantes, ganar confianza y desarrollar capacidades que ninguna herramienta puede reemplazar.",tu-mayor-ventaja-no-es-tecnica-y-la-ia-te-va-a-ayudar-a-encontrarla,
Spec Driven Development: liderando con claridad desde la especificación,Joselyn Jassel Ramos Lorenzo,Taller técnico patrocinado,"¿Cuántos proyectos hemos visto morir no por falta de talento, sino por falta de claridad desde el primer día? Hoy, con la inteligencia artificial acelerando cada decisión, ya no basta con saber programar rápido: hay que saber, con precisión, qué estamos construyendo y por qué. Esa claridad se ha convertido en la habilidad de liderazgo más poderosa que podemos tener.

En esta charla hablaremos de Spec Driven Development (SDD), una metodología que coloca la especificación en el corazón de la construcción de producto. No es un trámite ni un documento más: es una herramienta de poder que nos permite alinear equipos, decidir con intención y liderar con confianza incluso cuando todo alrededor es incertidumbre.",spec-driven-development-liderando-con-claridad-desde-la-especificacion,
PoC en minutos… ¿y ahora qué? De prototipo a producto real con AI,"Viridiana Romero Martinez, Lilivette Cruz",Taller técnico patrocinado,"Objetivo: Crear un PoC con AI nunca ha sido tan fácil. Y justo por eso… hacer lo correcto es más difícil que nunca.

 En este taller práctico utilizaremos Manus AI para llevar una idea a un PoC en minutos, pero con un enfoque diferente: no basta con construir, hay que entender si vale la pena hacerlo. Exploraremos cómo pasar de una idea a una solución viable considerando lo que realmente importa en el mundo real: valor de negocio, riesgos, arquitectura, data governance, seguridad, escalabilidad y costos. Porque en la era de la inteligencia artificial, la ventaja no está en quién construye más rápido, sino en quién decide mejor.",,
Hasta aquí llegas: el techo del sector tech mexicano,Laura Figueroa,,"¿Por qué hay tan pocas mujeres en puestos de liderazgo en tecnología? La respuesta habitual apunta a la entrada al sector. Los datos preliminares de la Encuesta de Salarios 2026 dicen otra cosa: las mujeres son mayoría en el nivel medio (62%) y ahí se les paga igual o mejor. El problema aparece al subir: 37% menos en senior y liderazgo, y apenas una de cada cuatro llega. La mitad de esa brecha no la explica la experiencia ni el rol. En esta charla presentamos los hallazgos y qué puede hacer la industria.",hasta-aqui-llegas-el-techo-del-sector-tech-mexicano,